{
  "src": [
    "output/audiosprite.mp3"
  ],
  "sprite": {
    "alligator": [
      0,
      1656.0090702947846
    ],
    "ant": [
      3000,
      1296.0090702947848
    ],
    "apple": [
      6000,
      1344.0136054421766
    ],
    "ball": [
      9000,
      1320.0000000000002
    ],
    "banana": [
      12000,
      1560.0000000000005
    ],
    "butterfly": [
      15000,
      1752.0181405895698
    ],
    "cap": [
      18000,
      1416.0090702947841
    ],
    "car": [
      21000,
      1272.0181405895694
    ],
    "cat": [
      24000,
      1440.0000000000014
    ]
  }
}